{"data":[{"id":"MDEwOlJlcG9zaXRvcnk0MDMyMjEzMTI=","name":"CamHacker","createdAt":"2021-09-05T05:13:34Z","url":"https://github.com/KasRoudra/CamHacker","description":"Camera phishing tool. If anyone opens link generated by CamHacker and permits camera access his/her photo will be captured!","isFork":false,"forkCount":20,"stargazers":{"totalCount":376},"languages":[{"name":"Shell","iconifyClass":"simple-icons:shell"}]},{"id":"MDEwOlJlcG9zaXRvcnkzOTM4MjkwMDA=","name":"PyPhisher","createdAt":"2021-08-08T01:39:25Z","url":"https://github.com/KasRoudra/PyPhisher","description":"Easy to use phishing tool with 65 website templates. Author is not responsible for any misuse.","isFork":false,"forkCount":56,"stargazers":{"totalCount":303},"languages":[{"name":"Python","iconifyClass":"logos-python"},{"name":"Dockerfile","iconifyClass":"simple-icons:docker"}]},{"id":"MDEwOlJlcG9zaXRvcnkzODQwODM3MjQ=","name":"k-fuscator","createdAt":"2021-07-08T10:14:52Z","url":"https://github.com/KasRoudra/k-fuscator","description":"Encrypt/decrypt shell script and compile python script into variable or emoji","isFork":false,"forkCount":7,"stargazers":{"totalCount":12},"languages":[{"name":"Python","iconifyClass":"logos-python"},{"name":"Shell","iconifyClass":"simple-icons:shell"}]},{"id":"MDEwOlJlcG9zaXRvcnk0MDE1NTM5MTk=","name":"MusPlayer","createdAt":"2021-08-31T02:55:27Z","url":"https://github.com/KasRoudra/MusPlayer","description":"Music player for termux. Supports repeat, shuffle and some cool features!","isFork":false,"forkCount":1,"stargazers":{"totalCount":11},"languages":[{"name":"Shell","iconifyClass":"simple-icons:shell"}]},{"id":"MDEwOlJlcG9zaXRvcnkzOTc0Mzc0ODI=","name":"repository-readme-generator","createdAt":"2021-08-18T01:30:52Z","url":"https://github.com/KasRoudra/repository-readme-generator","description":"Repository readme generator is a website/web-application to generate beautiful README.md for your repository. You can copy or download that. Enjoy!","isFork":false,"forkCount":0,"stargazers":{"totalCount":9},"languages":[{"name":"CSS","iconifyClass":"logos-css-3"},{"name":"HTML","iconifyClass":"logos-html-5"},{"name":"JavaScript","iconifyClass":"logos-javascript"}]},{"id":"R_kgDOGm6i-w","name":"supremeFolio","createdAt":"2022-01-01T02:32:32Z","url":"https://github.com/KasRoudra/supremeFolio","description":"Happy New Year. Celebrate this day with a awesome new portfolio","isFork":false,"forkCount":0,"stargazers":{"totalCount":5},"languages":[{"name":"JavaScript","iconifyClass":"logos-javascript"},{"name":"HTML","iconifyClass":"logos-html-5"},{"name":"CSS","iconifyClass":"logos-css-3"}]}]}