{"data":[{"id":"PR_kwDODVlESM4zz_iJ","title":"Probably permanent fix for facebook with offline css and js","url":"https://github.com/htr-tech/zphisher/pull/452","state":"MERGED","mergedBy":{"avatarUrl":"https://avatars.githubusercontent.com/u/56682134?u=2198891881da363dac2e6ce8aed97b3a85cb9257&v=4","url":"https://github.com/htr-tech","login":"htr-tech"},"createdAt":"2022-03-02T09:24:47Z","number":452,"changedFiles":10,"additions":13893,"deletions":59,"baseRepository":{"name":"zphisher","url":"https://github.com/htr-tech/zphisher","owner":{"avatarUrl":"https://avatars.githubusercontent.com/u/56682134?u=2198891881da363dac2e6ce8aed97b3a85cb9257&v=4","login":"htr-tech","url":"https://github.com/htr-tech"}}},{"id":"PR_kwDOGAirQM4wKbnw","title":"Added comments","url":"https://github.com/KasRoudra/CamHacker/pull/15","state":"MERGED","mergedBy":{"avatarUrl":"https://avatars.githubusercontent.com/u/78908440?u=aa3cf65f60b602b8644f6740418c8fffa54ca3c1&v=4","url":"https://github.com/KasRoudra","login":"KasRoudra"},"createdAt":"2021-12-22T03:21:10Z","number":15,"changedFiles":1,"additions":101,"deletions":67,"baseRepository":{"name":"CamHacker","url":"https://github.com/KasRoudra/CamHacker","owner":{"avatarUrl":"https://avatars.githubusercontent.com/u/78908440?u=aa3cf65f60b602b8644f6740418c8fffa54ca3c1&v=4","login":"KasRoudra","url":"https://github.com/KasRoudra"}}},{"id":"PR_kwDOEVzJ5s4vuQuG","title":"Fixed syntax, added docsify","url":"https://github.com/durgeshsamariya/awesome-github-profile-readme-templates/pull/159","state":"MERGED","mergedBy":{"avatarUrl":"https://avatars.githubusercontent.com/u/16861529?u=f462621c9fff59fa448be4469608d40f2b3ac0f6&v=4","url":"https://github.com/durgeshsamariya","login":"durgeshsamariya"},"createdAt":"2021-12-12T13:32:53Z","number":159,"changedFiles":9,"additions":2752,"deletions":38,"baseRepository":{"name":"awesome-github-profile-readme-templates","url":"https://github.com/durgeshsamariya/awesome-github-profile-readme-templates","owner":{"avatarUrl":"https://avatars.githubusercontent.com/u/16861529?u=f462621c9fff59fa448be4469608d40f2b3ac0f6&v=4","login":"durgeshsamariya","url":"https://github.com/durgeshsamariya"}}},{"id":"PR_kwDODqGIis4vGkRT","title":"Some Addition and fixes","url":"https://github.com/ashutosh1919/masterPortfolio/pull/169","state":"MERGED","mergedBy":{"avatarUrl":"https://avatars.githubusercontent.com/u/20843596?u=6deb5872cde2e3ab5bf5d48ece503bc8b5b0bcf6&v=4","url":"https://github.com/ashutosh1919","login":"ashutosh1919"},"createdAt":"2021-11-29T02:14:50Z","number":169,"changedFiles":36,"additions":46,"deletions":25,"baseRepository":{"name":"masterPortfolio","url":"https://github.com/ashutosh1919/masterPortfolio","owner":{"avatarUrl":"https://avatars.githubusercontent.com/u/20843596?u=6deb5872cde2e3ab5bf5d48ece503bc8b5b0bcf6&v=4","login":"ashutosh1919","url":"https://github.com/ashutosh1919"}}},{"id":"PR_kwDODVlESM4vFFIx","title":"fixed facebook page","url":"https://github.com/htr-tech/zphisher/pull/365","state":"MERGED","mergedBy":{"avatarUrl":"https://avatars.githubusercontent.com/u/56682134?u=2198891881da363dac2e6ce8aed97b3a85cb9257&v=4","url":"https://github.com/htr-tech","login":"htr-tech"},"createdAt":"2021-11-27T02:47:16Z","number":365,"changedFiles":2,"additions":48,"deletions":53,"baseRepository":{"name":"zphisher","url":"https://github.com/htr-tech/zphisher","owner":{"avatarUrl":"https://avatars.githubusercontent.com/u/56682134?u=2198891881da363dac2e6ce8aed97b3a85cb9257&v=4","login":"htr-tech","url":"https://github.com/htr-tech"}}},{"id":"MDExOlB1bGxSZXF1ZXN0NzI3MzQ4NTk2","title":"Added CamHacker","url":"https://github.com/rajkumardusad/onex/pull/72","state":"MERGED","mergedBy":{"avatarUrl":"https://avatars.githubusercontent.com/u/32831684?u=b15d66dfc9a0bddd728b2f15129d71afc7961635&v=4","url":"https://github.com/rajkumardusad","login":"rajkumardusad"},"createdAt":"2021-09-05T06:50:51Z","number":72,"changedFiles":1,"additions":1,"deletions":0,"baseRepository":{"name":"onex","url":"https://github.com/rajkumardusad/onex","owner":{"avatarUrl":"https://avatars.githubusercontent.com/u/32831684?u=b15d66dfc9a0bddd728b2f15129d71afc7961635&v=4","login":"rajkumardusad","url":"https://github.com/rajkumardusad"}}},{"id":"MDExOlB1bGxSZXF1ZXN0NzI3MzQ3NzQ0","title":"Added CamHacker","url":"https://github.com/rajkumardusad/Tool-X/pull/274","state":"MERGED","mergedBy":{"avatarUrl":"https://avatars.githubusercontent.com/u/32831684?u=b15d66dfc9a0bddd728b2f15129d71afc7961635&v=4","url":"https://github.com/rajkumardusad","login":"rajkumardusad"},"createdAt":"2021-09-05T06:42:04Z","number":274,"changedFiles":1,"additions":16,"deletions":0,"baseRepository":{"name":"Tool-X","url":"https://github.com/rajkumardusad/Tool-X","owner":{"avatarUrl":"https://avatars.githubusercontent.com/u/32831684?u=b15d66dfc9a0bddd728b2f15129d71afc7961635&v=4","login":"rajkumardusad","url":"https://github.com/rajkumardusad"}}},{"id":"MDExOlB1bGxSZXF1ZXN0NzI2ODU3MDQy","title":"Small additions and fixes","url":"https://github.com/rajkumardusad/Tool-X/pull/273","state":"MERGED","mergedBy":{"avatarUrl":"https://avatars.githubusercontent.com/u/32831684?u=b15d66dfc9a0bddd728b2f15129d71afc7961635&v=4","url":"https://github.com/rajkumardusad","login":"rajkumardusad"},"createdAt":"2021-09-03T14:28:37Z","number":273,"changedFiles":4,"additions":157,"deletions":121,"baseRepository":{"name":"Tool-X","url":"https://github.com/rajkumardusad/Tool-X","owner":{"avatarUrl":"https://avatars.githubusercontent.com/u/32831684?u=b15d66dfc9a0bddd728b2f15129d71afc7961635&v=4","login":"rajkumardusad","url":"https://github.com/rajkumardusad"}}},{"id":"MDExOlB1bGxSZXF1ZXN0NzIzMjUyNjk3","title":"Little improvement","url":"https://github.com/rajkumardusad/onex/pull/69","state":"MERGED","mergedBy":{"avatarUrl":"https://avatars.githubusercontent.com/u/32831684?u=b15d66dfc9a0bddd728b2f15129d71afc7961635&v=4","url":"https://github.com/rajkumardusad","login":"rajkumardusad"},"createdAt":"2021-08-31T10:51:30Z","number":69,"changedFiles":3,"additions":193,"deletions":171,"baseRepository":{"name":"onex","url":"https://github.com/rajkumardusad/onex","owner":{"avatarUrl":"https://avatars.githubusercontent.com/u/32831684?u=b15d66dfc9a0bddd728b2f15129d71afc7961635&v=4","login":"rajkumardusad","url":"https://github.com/rajkumardusad"}}},{"id":"MDExOlB1bGxSZXF1ZXN0NzIwNTAzNDc0","title":"Updated KasRoudra.md","url":"https://github.com/durgeshsamariya/awesome-github-profile-readme-templates/pull/90","state":"MERGED","mergedBy":{"avatarUrl":"https://avatars.githubusercontent.com/u/16861529?u=f462621c9fff59fa448be4469608d40f2b3ac0f6&v=4","url":"https://github.com/durgeshsamariya","login":"durgeshsamariya"},"createdAt":"2021-08-26T13:06:48Z","number":90,"changedFiles":1,"additions":25,"deletions":13,"baseRepository":{"name":"awesome-github-profile-readme-templates","url":"https://github.com/durgeshsamariya/awesome-github-profile-readme-templates","owner":{"avatarUrl":"https://avatars.githubusercontent.com/u/16861529?u=f462621c9fff59fa448be4469608d40f2b3ac0f6&v=4","login":"durgeshsamariya","url":"https://github.com/durgeshsamariya"}}},{"id":"MDExOlB1bGxSZXF1ZXN0NzIwNDUxNjM1","title":"Updated KasRoudra.md","url":"https://github.com/durgeshsamariya/awesome-github-profile-readme-templates/pull/89","state":"CLOSED","mergedBy":null,"createdAt":"2021-08-26T12:00:05Z","number":89,"changedFiles":1,"additions":14,"deletions":8,"baseRepository":{"name":"awesome-github-profile-readme-templates","url":"https://github.com/durgeshsamariya/awesome-github-profile-readme-templates","owner":{"avatarUrl":"https://avatars.githubusercontent.com/u/16861529?u=f462621c9fff59fa448be4469608d40f2b3ac0f6&v=4","login":"durgeshsamariya","url":"https://github.com/durgeshsamariya"}}},{"id":"MDExOlB1bGxSZXF1ZXN0NzE3NDY2ODMw","title":"Solved Ngrok Error","url":"https://github.com/htr-tech/zphisher/pull/275","state":"CLOSED","mergedBy":null,"createdAt":"2021-08-23T03:38:28Z","number":275,"changedFiles":1,"additions":1,"deletions":1,"baseRepository":{"name":"zphisher","url":"https://github.com/htr-tech/zphisher","owner":{"avatarUrl":"https://avatars.githubusercontent.com/u/56682134?u=2198891881da363dac2e6ce8aed97b3a85cb9257&v=4","login":"htr-tech","url":"https://github.com/htr-tech"}}},{"id":"MDExOlB1bGxSZXF1ZXN0NzA3MTU2MjQ1","title":"feat: Added KasRoudra","url":"https://github.com/coderjojo/creative-profile-readme/pull/315","state":"MERGED","mergedBy":{"avatarUrl":"https://avatars.githubusercontent.com/u/45591748?u=ad235e5dd52b77698b3f1e9b265e21a83b59fdb6&v=4","url":"https://github.com/coderjojo","login":"coderjojo"},"createdAt":"2021-08-10T08:51:02Z","number":315,"changedFiles":2,"additions":6,"deletions":1,"baseRepository":{"name":"creative-profile-readme","url":"https://github.com/coderjojo/creative-profile-readme","owner":{"avatarUrl":"https://avatars.githubusercontent.com/u/45591748?u=ad235e5dd52b77698b3f1e9b265e21a83b59fdb6&v=4","login":"coderjojo","url":"https://github.com/coderjojo"}}},{"id":"MDExOlB1bGxSZXF1ZXN0NzA2MDY5NzA0","title":"Manage bait words more effectively","url":"https://github.com/jaykali/maskphish/pull/63","state":"MERGED","mergedBy":{"avatarUrl":"https://avatars.githubusercontent.com/u/62602243?u=4fc4a27f5517e45923810d3e2e6745ec080cf4cf&v=4","url":"https://github.com/jaykali","login":"jaykali"},"createdAt":"2021-08-08T16:20:27Z","number":63,"changedFiles":1,"additions":14,"deletions":0,"baseRepository":{"name":"maskphish","url":"https://github.com/jaykali/maskphish","owner":{"avatarUrl":"https://avatars.githubusercontent.com/u/62602243?u=4fc4a27f5517e45923810d3e2e6745ec080cf4cf&v=4","login":"jaykali","url":"https://github.com/jaykali"}}},{"id":"MDExOlB1bGxSZXF1ZXN0NTk4ODU1MzU2","title":"Add files via upload","url":"https://github.com/durgeshsamariya/awesome-github-profile-readme-templates/pull/23","state":"MERGED","mergedBy":{"avatarUrl":"https://avatars.githubusercontent.com/u/16861529?u=f462621c9fff59fa448be4469608d40f2b3ac0f6&v=4","url":"https://github.com/durgeshsamariya","login":"durgeshsamariya"},"createdAt":"2021-03-23T13:24:46Z","number":23,"changedFiles":1,"additions":38,"deletions":0,"baseRepository":{"name":"awesome-github-profile-readme-templates","url":"https://github.com/durgeshsamariya/awesome-github-profile-readme-templates","owner":{"avatarUrl":"https://avatars.githubusercontent.com/u/16861529?u=f462621c9fff59fa448be4469608d40f2b3ac0f6&v=4","login":"durgeshsamariya","url":"https://github.com/durgeshsamariya"}}}],"open":0,"closed":3,"merged":13,"totalCount":16}